{
  "navigationBarTitleText": "接龙详情",
  "navigationBarBackgroundColor": "#FFFFFF",
  "usingComponents": {
    "i-new-auth": "../../components/new-auth/index",
    "i-solitaire-good": "../components/solitaireGood",
    "i-solitaire-head": "../components/solitaireHead",
    "i-count-down": "../../components/count-down/index",
    "i-cart-modal": "../components/cartModal",
    "i-sku": "../../components/sku/index",
    "i-modal": "../../components/modal/index",
    "i-painter": "../../components/painter/painter",
    "i-load-more": "../../components/load-more/index",
    "i-change-community": "../../components/changeCommunity/index",
    "parser":"../../components/parser/parser"
  }
}